"","NodesExpanded","Algorithm"
"1",503,"A*"
"2",543,"A*"
"3",602,"A*"
"4",1739,"A*"
"5",354,"A*"
"6",1116,"A*"
"7",485,"A*"
"8",1162,"A*"
"9",592,"A*"
"10",473,"A*"
"11",451,"A*"
"12",778,"A*"
"13",890,"A*"
"14",780,"A*"
"15",673,"A*"
"16",425,"A*"
"17",460,"A*"
"18",1083,"A*"
"19",575,"A*"
"20",1209,"A*"
"21",670,"A*"
"22",1047,"A*"
"23",840,"A*"
"24",696,"A*"
"25",1090,"A*"
"26",443,"A*"
"27",835,"A*"
"28",558,"A*"
"29",2577,"A*"
"30",833,"A*"
"31",432,"A*"
"32",763,"A*"
"33",536,"A*"
"34",965,"A*"
"35",296,"A*"
"36",598,"A*"
"37",814,"A*"
"38",607,"A*"
"39",490,"A*"
"40",1654,"A*"
"41",930,"A*"
"42",250,"A*"
"43",1268,"A*"
"44",730,"A*"
"45",651,"A*"
"46",678,"A*"
"47",873,"A*"
"48",1095,"A*"
"49",484,"A*"
"50",996,"A*"
"51",589,"A*"
"52",818,"A*"
"53",910,"A*"
"54",619,"A*"
"55",413,"A*"
"56",604,"A*"
"57",746,"A*"
"58",1050,"A*"
"59",1131,"A*"
"60",604,"A*"
"61",684,"A*"
"62",437,"A*"
"63",2106,"A*"
"64",928,"A*"
"65",1172,"A*"
"66",943,"A*"
"67",706,"A*"
"68",1215,"A*"
"69",480,"A*"
"70",579,"A*"
"71",806,"A*"
"72",278,"A*"
"73",782,"A*"
"74",2125,"A*"
"75",696,"A*"
"76",1610,"A*"
"77",712,"A*"
"78",258,"A*"
"79",1901,"A*"
"80",2456,"A*"
"81",703,"A*"
"82",236,"A*"
"83",598,"A*"
"84",981,"A*"
"85",3189,"A*"
"86",283,"A*"
"87",433,"A*"
"88",2574,"A*"
"89",449,"A*"
"90",556,"A*"
"91",505,"A*"
"92",1863,"A*"
"93",2120,"A*"
"94",1263,"A*"
"95",1205,"A*"
"96",1266,"A*"
"97",557,"A*"
"98",611,"A*"
"99",439,"A*"
"100",428,"A*"
"101",674,"A*"
"102",808,"A*"
"103",1226,"A*"
"104",387,"A*"
"105",876,"A*"
"106",422,"A*"
"107",463,"A*"
"108",382,"A*"
"109",755,"A*"
"110",1588,"A*"
"111",639,"A*"
"112",1100,"A*"
"113",980,"A*"
"114",491,"A*"
"115",1177,"A*"
"116",1092,"A*"
"117",785,"A*"
"118",607,"A*"
"119",1048,"A*"
"120",360,"A*"
"121",1414,"A*"
"122",2148,"A*"
"123",1306,"A*"
"124",1268,"A*"
"125",500,"A*"
"126",572,"A*"
"127",734,"A*"
"128",980,"A*"
"129",604,"A*"
"130",1909,"A*"
"131",827,"A*"
"132",940,"A*"
"133",655,"A*"
"134",723,"A*"
"135",523,"A*"
"136",779,"A*"
"137",1059,"A*"
"138",909,"A*"
"139",1523,"A*"
"140",597,"A*"
"141",881,"A*"
"142",495,"A*"
"143",2086,"A*"
"144",1384,"A*"
"145",523,"A*"
"146",766,"A*"
"147",985,"A*"
"148",572,"A*"
"149",1202,"A*"
"150",636,"A*"
"151",1744,"A*"
"152",682,"A*"
"153",1457,"A*"
"154",1106,"A*"
"155",844,"A*"
"156",498,"A*"
"157",1246,"A*"
"158",751,"A*"
"159",613,"A*"
"160",1619,"A*"
"161",634,"A*"
"162",603,"A*"
"163",568,"A*"
"164",872,"A*"
"165",608,"A*"
"166",361,"A*"
"167",636,"A*"
"168",609,"A*"
"169",1623,"A*"
"170",818,"A*"
"171",794,"A*"
"172",287,"A*"
"173",2817,"A*"
"174",784,"A*"
"175",325,"A*"
"176",475,"A*"
"177",418,"A*"
"178",526,"A*"
"179",577,"A*"
"180",671,"A*"
"181",785,"A*"
"182",1002,"A*"
"183",2078,"A*"
"184",939,"A*"
"185",622,"A*"
"186",416,"A*"
"187",580,"A*"
"188",758,"A*"
"189",740,"A*"
"190",1131,"A*"
"191",1185,"A*"
"192",577,"A*"
"193",693,"A*"
"194",1929,"A*"
"195",894,"A*"
"196",1052,"A*"
"197",531,"A*"
"198",1567,"A*"
"199",1874,"A*"
"200",469,"A*"
"201",1239,"A*"
"202",1035,"A*"
"203",1567,"A*"
"204",950,"A*"
"205",410,"A*"
"206",912,"A*"
"207",340,"A*"
"208",457,"A*"
"209",810,"A*"
"210",489,"A*"
"211",1186,"A*"
"212",721,"A*"
"213",1264,"A*"
"214",1631,"A*"
"215",1537,"A*"
"216",1118,"A*"
"217",1586,"A*"
"218",624,"A*"
"219",2434,"A*"
"220",600,"A*"
"221",1532,"A*"
"222",660,"A*"
"223",564,"A*"
"224",585,"A*"
"225",283,"A*"
"226",1111,"A*"
"227",1914,"A*"
"228",891,"A*"
"229",541,"A*"
"230",207,"A*"
"231",1344,"A*"
"232",309,"A*"
"233",474,"A*"
"234",513,"A*"
"235",1484,"A*"
"236",563,"A*"
"237",870,"A*"
"238",1916,"A*"
"239",1194,"A*"
"240",613,"A*"
"241",391,"A*"
"242",674,"A*"
"243",460,"A*"
"244",782,"A*"
"245",933,"A*"
"246",1308,"A*"
"247",841,"A*"
"248",1260,"A*"
"249",828,"A*"
"250",319,"A*"
"251",1010,"A*"
"252",2144,"A*"
"253",261,"A*"
"254",947,"A*"
"255",1334,"A*"
"256",817,"A*"
"257",320,"A*"
"258",1457,"A*"
"259",494,"A*"
"260",512,"A*"
"261",868,"A*"
"262",1657,"A*"
"263",1290,"A*"
"264",1407,"A*"
"265",1128,"A*"
"266",821,"A*"
"267",471,"A*"
"268",438,"A*"
"269",1325,"A*"
"270",463,"A*"
"271",324,"A*"
"272",1573,"A*"
"273",681,"A*"
"274",872,"A*"
"275",593,"A*"
"276",429,"A*"
"277",757,"A*"
"278",812,"A*"
"279",3605,"A*"
"280",1399,"A*"
"281",1671,"A*"
"282",516,"A*"
"283",746,"A*"
"284",989,"A*"
"285",1025,"A*"
"286",828,"A*"
"287",1199,"A*"
"288",798,"A*"
"289",668,"A*"
"290",564,"A*"
"291",1599,"A*"
"292",223,"A*"
"293",1566,"A*"
"294",1014,"A*"
"295",1120,"A*"
"296",1579,"A*"
"297",769,"A*"
"298",539,"A*"
"299",1793,"A*"
"300",366,"A*"
"301",944,"A*"
"302",1033,"A*"
"303",443,"A*"
"304",1713,"A*"
"305",2276,"A*"
"306",1018,"A*"
"307",445,"A*"
"308",943,"A*"
"309",3311,"A*"
"310",1244,"A*"
"311",512,"A*"
"312",343,"A*"
"313",1673,"A*"
"314",1146,"A*"
"315",282,"A*"
"316",842,"A*"
"317",1123,"A*"
"318",882,"A*"
"319",1289,"A*"
"320",1125,"A*"
"321",653,"A*"
"322",242,"A*"
"323",585,"A*"
"324",1144,"A*"
"325",358,"A*"
"326",986,"A*"
"327",503,"A*"
"328",358,"A*"
"329",339,"A*"
"330",940,"A*"
"331",1635,"A*"
"332",1212,"A*"
"333",1017,"A*"
"334",1003,"A*"
"335",841,"A*"
"336",1009,"A*"
"337",507,"A*"
"338",1572,"A*"
"339",595,"A*"
"340",1595,"A*"
"341",1547,"A*"
"342",632,"A*"
"343",838,"A*"
"344",448,"A*"
"345",553,"A*"
"346",1296,"A*"
"347",644,"A*"
"348",345,"A*"
"349",1084,"A*"
"350",1387,"A*"
"351",393,"A*"
"352",329,"A*"
"353",672,"A*"
"354",440,"A*"
"355",510,"A*"
"356",1667,"A*"
"357",1046,"A*"
"358",2256,"A*"
"359",1688,"A*"
"360",861,"A*"
"361",497,"A*"
"362",848,"A*"
"363",656,"A*"
"364",769,"A*"
"365",1745,"A*"
"366",1622,"A*"
"367",347,"A*"
"368",1375,"A*"
"369",380,"A*"
"370",770,"A*"
"371",527,"A*"
"372",413,"A*"
"373",794,"A*"
"374",693,"A*"
"375",604,"A*"
"376",244,"A*"
"377",1686,"A*"
"378",2212,"A*"
"379",890,"A*"
"380",933,"A*"
"381",864,"A*"
"382",1823,"A*"
"383",1427,"A*"
"384",2593,"A*"
"385",274,"A*"
"386",1464,"A*"
"387",459,"A*"
"388",5270,"A*"
"389",545,"A*"
"390",697,"A*"
"391",698,"A*"
"392",298,"A*"
"393",668,"A*"
"394",314,"A*"
"395",1168,"A*"
"396",525,"A*"
"397",275,"A*"
"398",204,"A*"
"399",491,"A*"
"400",249,"A*"
"401",513,"A*"
"402",807,"A*"
"403",812,"A*"
"404",488,"A*"
"405",625,"A*"
"406",796,"A*"
"407",852,"A*"
"408",1516,"A*"
"409",326,"A*"
"410",869,"A*"
"411",1743,"A*"
"412",430,"A*"
"413",1086,"A*"
"414",893,"A*"
"415",686,"A*"
"416",1229,"A*"
"417",340,"A*"
"418",731,"A*"
"419",1002,"A*"
"420",871,"A*"
"421",431,"A*"
"422",754,"A*"
"423",899,"A*"
"424",851,"A*"
"425",835,"A*"
"426",1922,"A*"
"427",437,"A*"
"428",453,"A*"
"429",779,"A*"
"430",957,"A*"
"431",1367,"A*"
"432",1618,"A*"
"433",1086,"A*"
"434",380,"A*"
"435",2861,"A*"
"436",1332,"A*"
"437",1367,"A*"
"438",1037,"A*"
"439",1200,"A*"
"440",454,"A*"
"441",650,"A*"
"442",741,"A*"
"443",906,"A*"
"444",858,"A*"
"445",614,"A*"
"446",885,"A*"
"447",1430,"A*"
"448",509,"A*"
"449",976,"A*"
"450",994,"A*"
"451",774,"A*"
"452",1383,"A*"
"453",766,"A*"
"454",2029,"A*"
"455",615,"A*"
"456",567,"A*"
"457",459,"A*"
"458",2686,"A*"
"459",397,"A*"
"460",281,"A*"
"461",406,"A*"
"462",832,"A*"
"463",649,"A*"
"464",398,"A*"
"465",1262,"A*"
"466",2264,"A*"
"467",894,"A*"
"468",1110,"A*"
"469",1229,"A*"
"470",1121,"A*"
"471",880,"A*"
"472",1150,"A*"
"473",603,"A*"
"474",1184,"A*"
"475",746,"A*"
"476",847,"A*"
"477",914,"A*"
"478",728,"A*"
"479",694,"A*"
"480",347,"A*"
"481",293,"A*"
"482",666,"A*"
"483",1088,"A*"
"484",683,"A*"
"485",572,"A*"
"486",409,"A*"
"487",372,"A*"
"488",505,"A*"
"489",751,"A*"
"490",567,"A*"
"491",816,"A*"
"492",838,"A*"
"493",694,"A*"
"494",1099,"A*"
"495",491,"A*"
"496",522,"A*"
"497",593,"A*"
"498",324,"A*"
"499",274,"A*"
"500",978,"A*"
"501",2035,"A*"
"502",559,"A*"
"503",749,"A*"
"504",432,"A*"
"505",640,"A*"
"506",465,"A*"
"507",1140,"A*"
"508",2050,"A*"
"509",927,"A*"
"510",564,"A*"
"511",1567,"A*"
"512",533,"A*"
"513",1300,"A*"
"514",1132,"A*"
"515",3306,"A*"
"516",678,"A*"
"517",620,"A*"
"518",578,"A*"
"519",522,"A*"
"520",595,"A*"
"521",1045,"A*"
"522",1652,"A*"
"523",1984,"A*"
"524",1588,"A*"
"525",535,"A*"
"526",929,"A*"
"527",763,"A*"
"528",808,"A*"
"529",606,"A*"
"530",925,"A*"
"531",417,"A*"
"532",762,"A*"
"533",968,"A*"
"534",1222,"A*"
"535",362,"A*"
"536",608,"A*"
"537",866,"A*"
"538",329,"A*"
"539",665,"A*"
"540",935,"A*"
"541",1123,"A*"
"542",678,"A*"
"543",962,"A*"
"544",808,"A*"
"545",605,"A*"
"546",1793,"A*"
"547",739,"A*"
"548",939,"A*"
"549",3398,"A*"
"550",1292,"A*"
"551",1632,"A*"
"552",791,"A*"
"553",1533,"A*"
"554",343,"A*"
"555",1105,"A*"
"556",446,"A*"
"557",2261,"A*"
"558",756,"A*"
"559",366,"A*"
"560",1002,"A*"
"561",681,"A*"
"562",539,"A*"
"563",510,"A*"
"564",1028,"A*"
"565",1727,"A*"
"566",906,"A*"
"567",1386,"A*"
"568",1436,"A*"
"569",370,"A*"
"570",706,"A*"
"571",1403,"A*"
"572",1297,"A*"
"573",586,"A*"
"574",1576,"A*"
"575",2273,"A*"
"576",1733,"A*"
"577",823,"A*"
"578",389,"A*"
"579",1220,"A*"
"580",1301,"A*"
"581",369,"A*"
"582",1294,"A*"
"583",420,"A*"
"584",804,"A*"
"585",634,"A*"
"586",390,"A*"
"587",1096,"A*"
"588",619,"A*"
"589",683,"A*"
"590",1341,"A*"
"591",604,"A*"
"592",1188,"A*"
"593",307,"A*"
"594",509,"A*"
"595",966,"A*"
"596",781,"A*"
"597",1177,"A*"
"598",406,"A*"
"599",686,"A*"
"600",782,"A*"
"601",721,"A*"
"602",1115,"A*"
"603",1363,"A*"
"604",784,"A*"
"605",1710,"A*"
"606",2316,"A*"
"607",346,"A*"
"608",457,"A*"
"609",255,"A*"
"610",450,"A*"
"611",1375,"A*"
"612",945,"A*"
"613",967,"A*"
"614",983,"A*"
"615",651,"A*"
"616",474,"A*"
"617",908,"A*"
"618",360,"A*"
"619",567,"A*"
"620",453,"A*"
"621",1142,"A*"
"622",957,"A*"
"623",976,"A*"
"624",854,"A*"
"625",1051,"A*"
"626",288,"A*"
"627",1606,"A*"
"628",3300,"A*"
"629",1018,"A*"
"630",711,"A*"
"631",1743,"A*"
"632",694,"A*"
"633",781,"A*"
"634",978,"A*"
"635",1086,"A*"
"636",455,"A*"
"637",624,"A*"
"638",424,"A*"
"639",2957,"A*"
"640",1269,"A*"
"641",1326,"A*"
"642",1160,"A*"
"643",1450,"A*"
"644",695,"A*"
"645",249,"A*"
"646",1212,"A*"
"647",1278,"A*"
"648",957,"A*"
"649",370,"A*"
"650",653,"A*"
"651",528,"A*"
"652",2203,"A*"
"653",327,"A*"
"654",389,"A*"
"655",600,"A*"
"656",674,"A*"
"657",622,"A*"
"658",974,"A*"
"659",196,"A*"
"660",612,"A*"
"661",437,"A*"
"662",1140,"A*"
"663",1767,"A*"
"664",501,"A*"
"665",384,"A*"
"666",365,"A*"
"667",1659,"A*"
"668",523,"A*"
"669",734,"A*"
"670",854,"A*"
"671",561,"A*"
"672",234,"A*"
"673",415,"A*"
"674",398,"A*"
"675",1839,"A*"
"676",1788,"A*"
"677",789,"A*"
"678",1487,"A*"
"679",231,"A*"
"680",860,"A*"
"681",423,"A*"
"682",679,"A*"
"683",1366,"A*"
"684",818,"A*"
"685",649,"A*"
"686",1064,"A*"
"687",532,"A*"
"688",723,"A*"
"689",349,"A*"
"690",348,"A*"
"691",1051,"A*"
"692",915,"A*"
"693",746,"A*"
"694",465,"A*"
"695",1822,"A*"
"696",603,"A*"
"697",983,"A*"
"698",695,"A*"
"699",1148,"A*"
"700",1210,"A*"
"701",1660,"A*"
"702",1066,"A*"
"703",1728,"A*"
"704",809,"A*"
"705",1169,"A*"
"706",276,"A*"
"707",357,"A*"
"708",833,"A*"
"709",1064,"A*"
"710",1147,"A*"
"711",1024,"A*"
"712",836,"A*"
"713",602,"A*"
"714",2132,"A*"
"715",699,"A*"
"716",718,"A*"
"717",920,"A*"
"718",609,"A*"
"719",604,"A*"
"720",616,"A*"
"721",954,"A*"
"722",1434,"A*"
"723",421,"A*"
"724",1560,"A*"
"725",1916,"A*"
"726",1326,"A*"
"727",652,"A*"
"728",264,"A*"
"729",440,"A*"
"730",1051,"A*"
"731",558,"A*"
"732",1499,"A*"
"733",421,"A*"
"734",503,"A*"
"735",1775,"A*"
"736",1347,"A*"
"737",724,"A*"
"738",434,"A*"
"739",794,"A*"
"740",1317,"A*"
"741",649,"A*"
"742",1024,"A*"
"743",1864,"A*"
"744",402,"A*"
"745",564,"A*"
"746",597,"A*"
"747",353,"A*"
"748",684,"A*"
"749",723,"A*"
"750",686,"A*"
"751",846,"A*"
"752",240,"A*"
"753",351,"A*"
"754",803,"A*"
"755",1426,"A*"
"756",1476,"A*"
"757",465,"A*"
"758",4009,"A*"
"759",583,"A*"
"760",745,"A*"
"761",1456,"A*"
"762",871,"A*"
"763",599,"A*"
"764",1989,"A*"
"765",311,"A*"
"766",1235,"A*"
"767",756,"A*"
"768",1419,"A*"
"769",487,"A*"
"770",319,"A*"
"771",412,"A*"
"772",848,"A*"
"773",1169,"A*"
"774",411,"A*"
"775",664,"A*"
"776",967,"A*"
"777",1671,"A*"
"778",451,"A*"
"779",734,"A*"
"780",1334,"A*"
"781",775,"A*"
"782",515,"A*"
"783",917,"A*"
"784",1223,"A*"
"785",844,"A*"
"786",900,"A*"
"787",899,"A*"
"788",1513,"A*"
"789",658,"A*"
"790",703,"A*"
"791",764,"A*"
"792",684,"A*"
"793",478,"A*"
"794",1168,"A*"
"795",629,"A*"
"796",1840,"A*"
"797",659,"A*"
"798",595,"A*"
"799",1361,"A*"
"800",454,"A*"
"801",1310,"A*"
"802",1029,"A*"
"803",531,"A*"
"804",968,"A*"
"805",707,"A*"
"806",713,"A*"
"807",1230,"A*"
"808",1510,"A*"
"809",770,"A*"
"810",705,"A*"
"811",688,"A*"
"812",1414,"A*"
"813",2870,"A*"
"814",535,"A*"
"815",1442,"A*"
"816",440,"A*"
"817",748,"A*"
"818",416,"A*"
"819",467,"A*"
"820",399,"A*"
"821",303,"A*"
"822",367,"A*"
"823",698,"A*"
"824",737,"A*"
"825",693,"A*"
"826",598,"A*"
"827",959,"A*"
"828",1019,"A*"
"829",425,"A*"
"830",772,"A*"
"831",1970,"A*"
"832",906,"A*"
"833",1394,"A*"
"834",1386,"A*"
"835",1541,"A*"
"836",925,"A*"
"837",778,"A*"
"838",498,"A*"
"839",819,"A*"
"840",965,"A*"
"841",808,"A*"
"842",1233,"A*"
"843",1336,"A*"
"844",1342,"A*"
"845",2264,"A*"
"846",759,"A*"
"847",822,"A*"
"848",2512,"A*"
"849",1195,"A*"
"850",428,"A*"
"851",1863,"A*"
"852",416,"A*"
"853",331,"A*"
"854",423,"A*"
"855",446,"A*"
"856",4511,"A*"
"857",799,"A*"
"858",1413,"A*"
"859",464,"A*"
"860",1722,"A*"
"861",1217,"A*"
"862",1148,"A*"
"863",931,"A*"
"864",1175,"A*"
"865",598,"A*"
"866",2031,"A*"
"867",1579,"A*"
"868",567,"A*"
"869",331,"A*"
"870",926,"A*"
"871",792,"A*"
"872",957,"A*"
"873",740,"A*"
"874",755,"A*"
"875",413,"A*"
"876",332,"A*"
"877",742,"A*"
"878",589,"A*"
"879",1131,"A*"
"880",369,"A*"
"881",743,"A*"
"882",1646,"A*"
"883",842,"A*"
"884",555,"A*"
"885",603,"A*"
"886",538,"A*"
"887",520,"A*"
"888",1042,"A*"
"889",1325,"A*"
"890",1880,"A*"
"891",842,"A*"
"892",1365,"A*"
"893",699,"A*"
"894",2695,"A*"
"895",3722,"A*"
"896",813,"A*"
"897",757,"A*"
"898",407,"A*"
"899",472,"A*"
"900",1191,"A*"
"901",1266,"A*"
"902",475,"A*"
"903",284,"A*"
"904",1840,"A*"
"905",435,"A*"
"906",3784,"A*"
"907",785,"A*"
"908",1835,"A*"
"909",811,"A*"
"910",1666,"A*"
"911",3267,"A*"
"912",1259,"A*"
"913",1142,"A*"
"914",673,"A*"
"915",1503,"A*"
"916",902,"A*"
"917",408,"A*"
"918",832,"A*"
"919",1597,"A*"
"920",709,"A*"
"921",1452,"A*"
"922",526,"A*"
"923",716,"A*"
"924",669,"A*"
"925",893,"A*"
"926",1135,"A*"
"927",2432,"A*"
"928",240,"A*"
"929",541,"A*"
"930",1389,"A*"
"931",1022,"A*"
"932",1187,"A*"
"933",968,"A*"
"934",1462,"A*"
"935",716,"A*"
"936",626,"A*"
"937",355,"A*"
"938",1263,"A*"
"939",699,"A*"
"940",1791,"A*"
"941",733,"A*"
"942",503,"A*"
"943",778,"A*"
"944",689,"A*"
"945",1016,"A*"
"946",736,"A*"
"947",773,"A*"
"948",1065,"A*"
"949",552,"A*"
"950",1202,"A*"
"951",562,"A*"
"952",674,"A*"
"953",1558,"A*"
"954",241,"A*"
"955",325,"A*"
"956",771,"A*"
"957",578,"A*"
"958",702,"A*"
"959",2182,"A*"
"960",814,"A*"
"961",539,"A*"
"962",1151,"A*"
"963",263,"A*"
"964",635,"A*"
"965",935,"A*"
"966",1203,"A*"
"967",1117,"A*"
"968",1158,"A*"
"969",910,"A*"
"970",1033,"A*"
"971",1386,"A*"
"972",809,"A*"
"973",784,"A*"
"974",875,"A*"
"975",1248,"A*"
"976",398,"A*"
"977",817,"A*"
"978",737,"A*"
"979",544,"A*"
"980",410,"A*"
"981",364,"A*"
"982",1036,"A*"
"983",779,"A*"
"984",500,"A*"
"985",798,"A*"
"986",1055,"A*"
"987",1210,"A*"
"988",913,"A*"
"989",689,"A*"
"990",377,"A*"
"991",567,"A*"
"992",722,"A*"
"993",1154,"A*"
"994",488,"A*"
"995",452,"A*"
"996",4544,"A*"
"997",919,"A*"
"998",272,"A*"
"999",979,"A*"
"1000",581,"A*"
"1001",235,"D*"
"1002",109,"D*"
"1003",29,"D*"
"1004",169,"D*"
"1005",230,"D*"
"1006",93,"D*"
"1007",113,"D*"
"1008",85,"D*"
"1009",89,"D*"
"1010",253,"D*"
"1011",59,"D*"
"1012",122,"D*"
"1013",345,"D*"
"1014",259,"D*"
"1015",85,"D*"
"1016",103,"D*"
"1017",251,"D*"
"1018",242,"D*"
"1019",175,"D*"
"1020",193,"D*"
"1021",165,"D*"
"1022",64,"D*"
"1023",56,"D*"
"1024",78,"D*"
"1025",136,"D*"
"1026",605,"D*"
"1027",100,"D*"
"1028",81,"D*"
"1029",159,"D*"
"1030",180,"D*"
"1031",160,"D*"
"1032",185,"D*"
"1033",47,"D*"
"1034",76,"D*"
"1035",118,"D*"
"1036",122,"D*"
"1037",262,"D*"
"1038",153,"D*"
"1039",494,"D*"
"1040",398,"D*"
"1041",41,"D*"
"1042",105,"D*"
"1043",142,"D*"
"1044",77,"D*"
"1045",191,"D*"
"1046",172,"D*"
"1047",112,"D*"
"1048",87,"D*"
"1049",368,"D*"
"1050",264,"D*"
"1051",142,"D*"
"1052",78,"D*"
"1053",139,"D*"
"1054",257,"D*"
"1055",34,"D*"
"1056",187,"D*"
"1057",135,"D*"
"1058",124,"D*"
"1059",168,"D*"
"1060",110,"D*"
"1061",43,"D*"
"1062",69,"D*"
"1063",98,"D*"
"1064",129,"D*"
"1065",255,"D*"
"1066",61,"D*"
"1067",135,"D*"
"1068",212,"D*"
"1069",333,"D*"
"1070",55,"D*"
"1071",97,"D*"
"1072",423,"D*"
"1073",126,"D*"
"1074",142,"D*"
"1075",88,"D*"
"1076",61,"D*"
"1077",150,"D*"
"1078",89,"D*"
"1079",86,"D*"
"1080",211,"D*"
"1081",132,"D*"
"1082",110,"D*"
"1083",433,"D*"
"1084",168,"D*"
"1085",183,"D*"
"1086",330,"D*"
"1087",70,"D*"
"1088",162,"D*"
"1089",139,"D*"
"1090",142,"D*"
"1091",90,"D*"
"1092",69,"D*"
"1093",78,"D*"
"1094",181,"D*"
"1095",104,"D*"
"1096",311,"D*"
"1097",92,"D*"
"1098",82,"D*"
"1099",350,"D*"
"1100",84,"D*"
"1101",27,"D*"
"1102",39,"D*"
"1103",358,"D*"
"1104",173,"D*"
"1105",99,"D*"
"1106",339,"D*"
"1107",83,"D*"
"1108",101,"D*"
"1109",86,"D*"
"1110",114,"D*"
"1111",100,"D*"
"1112",42,"D*"
"1113",102,"D*"
"1114",47,"D*"
"1115",49,"D*"
"1116",80,"D*"
"1117",172,"D*"
"1118",275,"D*"
"1119",43,"D*"
"1120",188,"D*"
"1121",131,"D*"
"1122",138,"D*"
"1123",305,"D*"
"1124",107,"D*"
"1125",123,"D*"
"1126",81,"D*"
"1127",197,"D*"
"1128",102,"D*"
"1129",553,"D*"
"1130",93,"D*"
"1131",94,"D*"
"1132",91,"D*"
"1133",532,"D*"
"1134",89,"D*"
"1135",74,"D*"
"1136",45,"D*"
"1137",149,"D*"
"1138",150,"D*"
"1139",132,"D*"
"1140",78,"D*"
"1141",131,"D*"
"1142",130,"D*"
"1143",144,"D*"
"1144",99,"D*"
"1145",226,"D*"
"1146",81,"D*"
"1147",84,"D*"
"1148",361,"D*"
"1149",166,"D*"
"1150",347,"D*"
"1151",248,"D*"
"1152",111,"D*"
"1153",115,"D*"
"1154",54,"D*"
"1155",73,"D*"
"1156",412,"D*"
"1157",306,"D*"
"1158",73,"D*"
"1159",299,"D*"
"1160",153,"D*"
"1161",270,"D*"
"1162",192,"D*"
"1163",58,"D*"
"1164",79,"D*"
"1165",82,"D*"
"1166",84,"D*"
"1167",110,"D*"
"1168",71,"D*"
"1169",208,"D*"
"1170",126,"D*"
"1171",92,"D*"
"1172",262,"D*"
"1173",46,"D*"
"1174",89,"D*"
"1175",52,"D*"
"1176",151,"D*"
"1177",90,"D*"
"1178",213,"D*"
"1179",179,"D*"
"1180",150,"D*"
"1181",331,"D*"
"1182",86,"D*"
"1183",493,"D*"
"1184",209,"D*"
"1185",54,"D*"
"1186",69,"D*"
"1187",361,"D*"
"1188",96,"D*"
"1189",808,"D*"
"1190",272,"D*"
"1191",227,"D*"
"1192",355,"D*"
"1193",333,"D*"
"1194",124,"D*"
"1195",87,"D*"
"1196",168,"D*"
"1197",246,"D*"
"1198",84,"D*"
"1199",308,"D*"
"1200",103,"D*"
"1201",246,"D*"
"1202",197,"D*"
"1203",126,"D*"
"1204",61,"D*"
"1205",130,"D*"
"1206",468,"D*"
"1207",93,"D*"
"1208",120,"D*"
"1209",57,"D*"
"1210",303,"D*"
"1211",110,"D*"
"1212",186,"D*"
"1213",77,"D*"
"1214",438,"D*"
"1215",368,"D*"
"1216",155,"D*"
"1217",49,"D*"
"1218",143,"D*"
"1219",136,"D*"
"1220",78,"D*"
"1221",57,"D*"
"1222",73,"D*"
"1223",200,"D*"
"1224",392,"D*"
"1225",29,"D*"
"1226",53,"D*"
"1227",104,"D*"
"1228",1113,"D*"
"1229",91,"D*"
"1230",106,"D*"
"1231",230,"D*"
"1232",145,"D*"
"1233",117,"D*"
"1234",118,"D*"
"1235",192,"D*"
"1236",182,"D*"
"1237",171,"D*"
"1238",73,"D*"
"1239",68,"D*"
"1240",159,"D*"
"1241",107,"D*"
"1242",224,"D*"
"1243",104,"D*"
"1244",50,"D*"
"1245",91,"D*"
"1246",217,"D*"
"1247",333,"D*"
"1248",235,"D*"
"1249",188,"D*"
"1250",326,"D*"
"1251",421,"D*"
"1252",538,"D*"
"1253",135,"D*"
"1254",139,"D*"
"1255",326,"D*"
"1256",105,"D*"
"1257",52,"D*"
"1258",259,"D*"
"1259",39,"D*"
"1260",194,"D*"
"1261",196,"D*"
"1262",138,"D*"
"1263",50,"D*"
"1264",247,"D*"
"1265",97,"D*"
"1266",93,"D*"
"1267",92,"D*"
"1268",71,"D*"
"1269",107,"D*"
"1270",592,"D*"
"1271",126,"D*"
"1272",64,"D*"
"1273",116,"D*"
"1274",88,"D*"
"1275",83,"D*"
"1276",135,"D*"
"1277",172,"D*"
"1278",64,"D*"
"1279",120,"D*"
"1280",222,"D*"
"1281",107,"D*"
"1282",147,"D*"
"1283",219,"D*"
"1284",451,"D*"
"1285",289,"D*"
"1286",79,"D*"
"1287",161,"D*"
"1288",92,"D*"
"1289",56,"D*"
"1290",48,"D*"
"1291",75,"D*"
"1292",104,"D*"
"1293",38,"D*"
"1294",296,"D*"
"1295",174,"D*"
"1296",264,"D*"
"1297",170,"D*"
"1298",62,"D*"
"1299",93,"D*"
"1300",106,"D*"
"1301",95,"D*"
"1302",278,"D*"
"1303",92,"D*"
"1304",148,"D*"
"1305",142,"D*"
"1306",125,"D*"
"1307",138,"D*"
"1308",72,"D*"
"1309",92,"D*"
"1310",122,"D*"
"1311",90,"D*"
"1312",115,"D*"
"1313",81,"D*"
"1314",192,"D*"
"1315",171,"D*"
"1316",105,"D*"
"1317",152,"D*"
"1318",91,"D*"
"1319",160,"D*"
"1320",127,"D*"
"1321",122,"D*"
"1322",70,"D*"
"1323",132,"D*"
"1324",290,"D*"
"1325",245,"D*"
"1326",189,"D*"
"1327",37,"D*"
"1328",55,"D*"
"1329",133,"D*"
"1330",140,"D*"
"1331",97,"D*"
"1332",120,"D*"
"1333",90,"D*"
"1334",59,"D*"
"1335",132,"D*"
"1336",131,"D*"
"1337",141,"D*"
"1338",69,"D*"
"1339",92,"D*"
"1340",192,"D*"
"1341",745,"D*"
"1342",37,"D*"
"1343",351,"D*"
"1344",273,"D*"
"1345",194,"D*"
"1346",120,"D*"
"1347",332,"D*"
"1348",413,"D*"
"1349",290,"D*"
"1350",400,"D*"
"1351",84,"D*"
"1352",162,"D*"
"1353",52,"D*"
"1354",127,"D*"
"1355",89,"D*"
"1356",162,"D*"
"1357",448,"D*"
"1358",293,"D*"
"1359",185,"D*"
"1360",405,"D*"
"1361",105,"D*"
"1362",316,"D*"
"1363",94,"D*"
"1364",105,"D*"
"1365",156,"D*"
"1366",221,"D*"
"1367",33,"D*"
"1368",486,"D*"
"1369",256,"D*"
"1370",52,"D*"
"1371",104,"D*"
"1372",405,"D*"
"1373",262,"D*"
"1374",80,"D*"
"1375",450,"D*"
"1376",168,"D*"
"1377",207,"D*"
"1378",45,"D*"
"1379",136,"D*"
"1380",294,"D*"
"1381",139,"D*"
"1382",61,"D*"
"1383",640,"D*"
"1384",98,"D*"
"1385",62,"D*"
"1386",216,"D*"
"1387",76,"D*"
"1388",580,"D*"
"1389",97,"D*"
"1390",489,"D*"
"1391",147,"D*"
"1392",96,"D*"
"1393",99,"D*"
"1394",310,"D*"
"1395",126,"D*"
"1396",253,"D*"
"1397",90,"D*"
"1398",123,"D*"
"1399",57,"D*"
"1400",201,"D*"
"1401",163,"D*"
"1402",46,"D*"
"1403",126,"D*"
"1404",38,"D*"
"1405",282,"D*"
"1406",109,"D*"
"1407",94,"D*"
"1408",205,"D*"
"1409",155,"D*"
"1410",46,"D*"
"1411",33,"D*"
"1412",104,"D*"
"1413",148,"D*"
"1414",104,"D*"
"1415",139,"D*"
"1416",80,"D*"
"1417",74,"D*"
"1418",60,"D*"
"1419",160,"D*"
"1420",331,"D*"
"1421",103,"D*"
"1422",87,"D*"
"1423",254,"D*"
"1424",63,"D*"
"1425",246,"D*"
"1426",83,"D*"
"1427",151,"D*"
"1428",245,"D*"
"1429",246,"D*"
"1430",386,"D*"
"1431",212,"D*"
"1432",77,"D*"
"1433",61,"D*"
"1434",204,"D*"
"1435",45,"D*"
"1436",134,"D*"
"1437",253,"D*"
"1438",94,"D*"
"1439",76,"D*"
"1440",135,"D*"
"1441",74,"D*"
"1442",38,"D*"
"1443",350,"D*"
"1444",188,"D*"
"1445",287,"D*"
"1446",101,"D*"
"1447",142,"D*"
"1448",91,"D*"
"1449",327,"D*"
"1450",83,"D*"
"1451",86,"D*"
"1452",229,"D*"
"1453",602,"D*"
"1454",342,"D*"
"1455",617,"D*"
"1456",89,"D*"
"1457",118,"D*"
"1458",134,"D*"
"1459",151,"D*"
"1460",48,"D*"
"1461",103,"D*"
"1462",314,"D*"
"1463",54,"D*"
"1464",257,"D*"
"1465",216,"D*"
"1466",411,"D*"
"1467",113,"D*"
"1468",25,"D*"
"1469",181,"D*"
"1470",35,"D*"
"1471",550,"D*"
"1472",31,"D*"
"1473",139,"D*"
"1474",85,"D*"
"1475",365,"D*"
"1476",23,"D*"
"1477",99,"D*"
"1478",35,"D*"
"1479",63,"D*"
"1480",168,"D*"
"1481",76,"D*"
"1482",220,"D*"
"1483",217,"D*"
"1484",93,"D*"
"1485",131,"D*"
"1486",111,"D*"
"1487",131,"D*"
"1488",456,"D*"
"1489",812,"D*"
"1490",219,"D*"
"1491",74,"D*"
"1492",140,"D*"
"1493",171,"D*"
"1494",265,"D*"
"1495",122,"D*"
"1496",91,"D*"
"1497",64,"D*"
"1498",124,"D*"
"1499",144,"D*"
"1500",398,"D*"
"1501",95,"D*"
"1502",154,"D*"
"1503",85,"D*"
"1504",222,"D*"
"1505",256,"D*"
"1506",357,"D*"
"1507",707,"D*"
"1508",533,"D*"
"1509",109,"D*"
"1510",205,"D*"
"1511",182,"D*"
"1512",127,"D*"
"1513",263,"D*"
"1514",371,"D*"
"1515",94,"D*"
"1516",66,"D*"
"1517",77,"D*"
"1518",291,"D*"
"1519",339,"D*"
"1520",151,"D*"
"1521",131,"D*"
"1522",152,"D*"
"1523",139,"D*"
"1524",88,"D*"
"1525",64,"D*"
"1526",276,"D*"
"1527",125,"D*"
"1528",277,"D*"
"1529",129,"D*"
"1530",75,"D*"
"1531",326,"D*"
"1532",57,"D*"
"1533",280,"D*"
"1534",529,"D*"
"1535",86,"D*"
"1536",231,"D*"
"1537",152,"D*"
"1538",46,"D*"
"1539",236,"D*"
"1540",72,"D*"
"1541",140,"D*"
"1542",142,"D*"
"1543",82,"D*"
"1544",66,"D*"
"1545",129,"D*"
"1546",251,"D*"
"1547",66,"D*"
"1548",130,"D*"
"1549",183,"D*"
"1550",143,"D*"
"1551",120,"D*"
"1552",71,"D*"
"1553",98,"D*"
"1554",477,"D*"
"1555",110,"D*"
"1556",61,"D*"
"1557",91,"D*"
"1558",206,"D*"
"1559",70,"D*"
"1560",483,"D*"
"1561",219,"D*"
"1562",284,"D*"
"1563",201,"D*"
"1564",128,"D*"
"1565",256,"D*"
"1566",42,"D*"
"1567",129,"D*"
"1568",128,"D*"
"1569",277,"D*"
"1570",98,"D*"
"1571",125,"D*"
"1572",28,"D*"
"1573",106,"D*"
"1574",92,"D*"
"1575",111,"D*"
"1576",358,"D*"
"1577",190,"D*"
"1578",80,"D*"
"1579",40,"D*"
"1580",115,"D*"
"1581",754,"D*"
"1582",123,"D*"
"1583",68,"D*"
"1584",127,"D*"
"1585",348,"D*"
"1586",152,"D*"
"1587",109,"D*"
"1588",166,"D*"
"1589",122,"D*"
"1590",48,"D*"
"1591",64,"D*"
"1592",167,"D*"
"1593",260,"D*"
"1594",445,"D*"
"1595",121,"D*"
"1596",210,"D*"
"1597",106,"D*"
"1598",272,"D*"
"1599",280,"D*"
"1600",94,"D*"
"1601",338,"D*"
"1602",157,"D*"
"1603",138,"D*"
"1604",94,"D*"
"1605",86,"D*"
"1606",107,"D*"
"1607",228,"D*"
"1608",109,"D*"
"1609",238,"D*"
"1610",38,"D*"
"1611",76,"D*"
"1612",490,"D*"
"1613",91,"D*"
"1614",53,"D*"
"1615",67,"D*"
"1616",142,"D*"
"1617",114,"D*"
"1618",184,"D*"
"1619",73,"D*"
"1620",283,"D*"
"1621",90,"D*"
"1622",177,"D*"
"1623",96,"D*"
"1624",314,"D*"
"1625",497,"D*"
"1626",365,"D*"
"1627",57,"D*"
"1628",88,"D*"
"1629",109,"D*"
"1630",107,"D*"
"1631",126,"D*"
"1632",78,"D*"
"1633",142,"D*"
"1634",45,"D*"
"1635",64,"D*"
"1636",144,"D*"
"1637",59,"D*"
"1638",85,"D*"
"1639",119,"D*"
"1640",86,"D*"
"1641",121,"D*"
"1642",157,"D*"
"1643",415,"D*"
"1644",75,"D*"
"1645",154,"D*"
"1646",182,"D*"
"1647",63,"D*"
"1648",138,"D*"
"1649",88,"D*"
"1650",80,"D*"
"1651",189,"D*"
"1652",230,"D*"
"1653",76,"D*"
"1654",56,"D*"
"1655",157,"D*"
"1656",380,"D*"
"1657",48,"D*"
"1658",59,"D*"
"1659",150,"D*"
"1660",59,"D*"
"1661",224,"D*"
"1662",92,"D*"
"1663",274,"D*"
"1664",124,"D*"
"1665",99,"D*"
"1666",61,"D*"
"1667",153,"D*"
"1668",175,"D*"
"1669",121,"D*"
"1670",24,"D*"
"1671",347,"D*"
"1672",172,"D*"
"1673",157,"D*"
"1674",69,"D*"
"1675",64,"D*"
"1676",220,"D*"
"1677",603,"D*"
"1678",248,"D*"
"1679",536,"D*"
"1680",85,"D*"
"1681",63,"D*"
"1682",81,"D*"
"1683",158,"D*"
"1684",108,"D*"
"1685",162,"D*"
"1686",677,"D*"
"1687",107,"D*"
"1688",188,"D*"
"1689",110,"D*"
"1690",148,"D*"
"1691",88,"D*"
"1692",61,"D*"
"1693",250,"D*"
"1694",59,"D*"
"1695",300,"D*"
"1696",99,"D*"
"1697",218,"D*"
"1698",93,"D*"
"1699",65,"D*"
"1700",218,"D*"
"1701",82,"D*"
"1702",489,"D*"
"1703",210,"D*"
"1704",39,"D*"
"1705",532,"D*"
"1706",168,"D*"
"1707",357,"D*"
"1708",339,"D*"
"1709",65,"D*"
"1710",71,"D*"
"1711",221,"D*"
"1712",100,"D*"
"1713",183,"D*"
"1714",115,"D*"
"1715",206,"D*"
"1716",488,"D*"
"1717",533,"D*"
"1718",136,"D*"
"1719",60,"D*"
"1720",83,"D*"
"1721",68,"D*"
"1722",106,"D*"
"1723",64,"D*"
"1724",233,"D*"
"1725",236,"D*"
"1726",332,"D*"
"1727",78,"D*"
"1728",67,"D*"
"1729",191,"D*"
"1730",77,"D*"
"1731",279,"D*"
"1732",88,"D*"
"1733",73,"D*"
"1734",284,"D*"
"1735",118,"D*"
"1736",218,"D*"
"1737",260,"D*"
"1738",722,"D*"
"1739",330,"D*"
"1740",229,"D*"
"1741",399,"D*"
"1742",72,"D*"
"1743",363,"D*"
"1744",150,"D*"
"1745",66,"D*"
"1746",82,"D*"
"1747",207,"D*"
"1748",79,"D*"
"1749",204,"D*"
"1750",229,"D*"
"1751",185,"D*"
"1752",70,"D*"
"1753",75,"D*"
"1754",227,"D*"
"1755",160,"D*"
"1756",67,"D*"
"1757",81,"D*"
"1758",217,"D*"
"1759",331,"D*"
"1760",246,"D*"
"1761",104,"D*"
"1762",401,"D*"
"1763",140,"D*"
"1764",242,"D*"
"1765",177,"D*"
"1766",289,"D*"
"1767",441,"D*"
"1768",231,"D*"
"1769",72,"D*"
"1770",125,"D*"
"1771",66,"D*"
"1772",53,"D*"
"1773",301,"D*"
"1774",472,"D*"
"1775",185,"D*"
"1776",119,"D*"
"1777",182,"D*"
"1778",39,"D*"
"1779",260,"D*"
"1780",24,"D*"
"1781",405,"D*"
"1782",131,"D*"
"1783",360,"D*"
"1784",250,"D*"
"1785",168,"D*"
"1786",46,"D*"
"1787",99,"D*"
"1788",222,"D*"
"1789",140,"D*"
"1790",101,"D*"
"1791",249,"D*"
"1792",220,"D*"
"1793",79,"D*"
"1794",93,"D*"
"1795",141,"D*"
"1796",515,"D*"
"1797",76,"D*"
"1798",72,"D*"
"1799",51,"D*"
"1800",376,"D*"
"1801",267,"D*"
"1802",81,"D*"
"1803",88,"D*"
"1804",318,"D*"
"1805",95,"D*"
"1806",160,"D*"
"1807",423,"D*"
"1808",75,"D*"
"1809",150,"D*"
"1810",52,"D*"
"1811",112,"D*"
"1812",338,"D*"
"1813",171,"D*"
"1814",173,"D*"
"1815",211,"D*"
"1816",104,"D*"
"1817",198,"D*"
"1818",565,"D*"
"1819",101,"D*"
"1820",247,"D*"
"1821",338,"D*"
"1822",548,"D*"
"1823",132,"D*"
"1824",311,"D*"
"1825",161,"D*"
"1826",61,"D*"
"1827",292,"D*"
"1828",156,"D*"
"1829",312,"D*"
"1830",276,"D*"
"1831",296,"D*"
"1832",153,"D*"
"1833",168,"D*"
"1834",111,"D*"
"1835",193,"D*"
"1836",89,"D*"
"1837",285,"D*"
"1838",51,"D*"
"1839",45,"D*"
"1840",41,"D*"
"1841",235,"D*"
"1842",35,"D*"
"1843",60,"D*"
"1844",246,"D*"
"1845",133,"D*"
"1846",101,"D*"
"1847",64,"D*"
"1848",148,"D*"
"1849",414,"D*"
"1850",126,"D*"
"1851",72,"D*"
"1852",155,"D*"
"1853",141,"D*"
"1854",552,"D*"
"1855",53,"D*"
"1856",251,"D*"
"1857",219,"D*"
"1858",287,"D*"
"1859",55,"D*"
"1860",163,"D*"
"1861",154,"D*"
"1862",298,"D*"
"1863",132,"D*"
"1864",48,"D*"
"1865",167,"D*"
"1866",141,"D*"
"1867",120,"D*"
"1868",169,"D*"
"1869",270,"D*"
"1870",530,"D*"
"1871",64,"D*"
"1872",469,"D*"
"1873",177,"D*"
"1874",196,"D*"
"1875",368,"D*"
"1876",384,"D*"
"1877",112,"D*"
"1878",76,"D*"
"1879",32,"D*"
"1880",83,"D*"
"1881",216,"D*"
"1882",388,"D*"
"1883",136,"D*"
"1884",58,"D*"
"1885",138,"D*"
"1886",95,"D*"
"1887",158,"D*"
"1888",77,"D*"
"1889",84,"D*"
"1890",99,"D*"
"1891",76,"D*"
"1892",63,"D*"
"1893",194,"D*"
"1894",34,"D*"
"1895",40,"D*"
"1896",35,"D*"
"1897",125,"D*"
"1898",108,"D*"
"1899",179,"D*"
"1900",155,"D*"
"1901",222,"D*"
"1902",230,"D*"
"1903",64,"D*"
"1904",103,"D*"
"1905",86,"D*"
"1906",105,"D*"
"1907",213,"D*"
"1908",75,"D*"
"1909",311,"D*"
"1910",81,"D*"
"1911",411,"D*"
"1912",152,"D*"
"1913",375,"D*"
"1914",52,"D*"
"1915",206,"D*"
"1916",68,"D*"
"1917",368,"D*"
"1918",415,"D*"
"1919",69,"D*"
"1920",235,"D*"
"1921",144,"D*"
"1922",57,"D*"
"1923",201,"D*"
"1924",66,"D*"
"1925",64,"D*"
"1926",87,"D*"
"1927",163,"D*"
"1928",102,"D*"
"1929",143,"D*"
"1930",209,"D*"
"1931",421,"D*"
"1932",158,"D*"
"1933",103,"D*"
"1934",47,"D*"
"1935",77,"D*"
"1936",144,"D*"
"1937",141,"D*"
"1938",176,"D*"
"1939",122,"D*"
"1940",189,"D*"
"1941",365,"D*"
"1942",141,"D*"
"1943",203,"D*"
"1944",196,"D*"
"1945",158,"D*"
"1946",192,"D*"
"1947",68,"D*"
"1948",181,"D*"
"1949",87,"D*"
"1950",184,"D*"
"1951",174,"D*"
"1952",43,"D*"
"1953",82,"D*"
"1954",54,"D*"
"1955",77,"D*"
"1956",128,"D*"
"1957",182,"D*"
"1958",35,"D*"
"1959",109,"D*"
"1960",89,"D*"
"1961",46,"D*"
"1962",34,"D*"
"1963",69,"D*"
"1964",115,"D*"
"1965",70,"D*"
"1966",92,"D*"
"1967",57,"D*"
"1968",75,"D*"
"1969",61,"D*"
"1970",182,"D*"
"1971",271,"D*"
"1972",96,"D*"
"1973",263,"D*"
"1974",119,"D*"
"1975",85,"D*"
"1976",79,"D*"
"1977",226,"D*"
"1978",107,"D*"
"1979",75,"D*"
"1980",533,"D*"
"1981",132,"D*"
"1982",71,"D*"
"1983",742,"D*"
"1984",77,"D*"
"1985",123,"D*"
"1986",276,"D*"
"1987",154,"D*"
"1988",97,"D*"
"1989",94,"D*"
"1990",139,"D*"
"1991",99,"D*"
"1992",432,"D*"
"1993",78,"D*"
"1994",74,"D*"
"1995",76,"D*"
"1996",183,"D*"
"1997",104,"D*"
"1998",102,"D*"
"1999",138,"D*"
"2000",127,"D*"
